ROI_Name,Global_Saliency_Mean,Global_Contrib_Mean,Contrib_Std,Robustness_Z_Score
right_amygdala_Volume,1.8443809157089551e-06,-3.395203895582468e-05,0.000176621347545985,-0.19221978107247045
rh_entorhinal_Volume,1.6346043336807717e-06,-5.0907444608114945e-05,0.00027720879168203414,-0.18363634117020838
rh_temporalpole_Volume,1.6162606933462255e-06,-5.224043696762407e-05,0.00028922692350300227,-0.18061468893711913
brain_stem_Volume,1.443154397396298e-06,-3.882586877025017e-05,0.0002307573516395523,-0.16824680135383424
right_cerebellum_white_matter_Volume,1.3333769119040508e-06,-4.0000268087281795e-05,0.0002565482838258795,-0.15591103701967815
optic_chiasm_Volume,1.3123660910037088e-06,-2.1485422181764278e-05,0.0001329656343779024,-0.16157412808954932
left_cerebellum_white_matter_Volume,1.2716208170251123e-06,-3.485510564105459e-05,0.00024508924254255997,-0.14220813283420172
lh_temporalpole_Volume,1.2531681938799415e-06,-4.2667714517145635e-05,0.0002482651199103515,-0.1718565860830208
fourth_ventricle_Volume,1.235002151319086e-06,-3.0299488549501526e-05,0.00022092861498820767,-0.1371398501394549
rh_parahippocampal_Volume,1.2312717787333074e-06,-2.087682319704961e-05,0.0001318347152379848,-0.15834402736102193
left_cerebellum_cortex_Volume,1.2176262644304587e-06,-3.507663739954514e-05,0.00025174913744172126,-0.1393261740407134
rh_parstriangularis_Volume,1.173194064555193e-06,3.9881821346276505e-06,2.01492864507209e-05,0.19783349695321345
right_cerebellum_cortex_Volume,1.129674475086315e-06,-3.620504821419025e-05,0.0002516246070960544,-0.14387944739401445
rh_rostralmiddlefrontal_Volume,1.1106014708925724e-06,1.2612706067921634e-05,5.442757825842782e-05,0.23169116759834887
rh_caudalmiddlefrontal_Volume,1.033570221047339e-06,3.97169594302642e-05,0.00016142285903727031,0.24602772736060305
right_hippocampus_Volume,9.712374163510876e-07,-1.2711728589388072e-05,9.421431647581374e-05,-0.1349092152093353
rh_fusiform_Volume,9.630641070867392e-07,-1.7816253593378718e-05,0.00012515898841410235,-0.1423376015026692
right_ventraldc_Volume,9.630320304479325e-07,-8.62801912449861e-06,5.978908395927085e-05,-0.14428346645535828
rh_superiorfrontal_Volume,9.406592146927814e-07,3.3552019464268223e-05,0.00013919936637724075,0.24101840513623388
right_inf_lat_vent_Volume,8.461140753721178e-07,-1.2007819029651238e-05,9.811860894848659e-05,-0.12236817741862457
rh_parsopercularis_Volume,8.24445601250673e-07,8.464248119576773e-06,4.167672253888839e-05,0.20304422137482048
rh_inferiortemporal_Volume,8.194433324785195e-07,-1.899814668493743e-05,0.00015163219237665458,-0.12528272235572221
rh_superiortemporal_Volume,8.114343624280689e-07,-4.214887926915859e-06,3.425443647576144e-05,-0.12301057190587267
rh_caudalanteriorcingulate_Volume,7.952903738607879e-07,1.868022356961859e-05,8.499623784755059e-05,0.2197512093538304
right_caudate_Volume,7.587226090718675e-07,5.324320569689995e-06,2.7003227555809386e-05,0.19710049673590233
rh_unknown_Volume,7.438044762720433e-07,-7.703383582427139e-06,6.0212006789906974e-05,-0.12791642113989138
lh_caudalanteriorcingulate_Volume,7.310340101060162e-07,1.6375231006918938e-05,7.888247866466155e-05,0.20756390576246309
right_vessel_Volume,7.310227294803109e-07,-6.547794059310383e-06,5.4317320169959875e-05,-0.1205248858001092
rh_parsorbitalis_Volume,7.153458028636933e-07,-6.8663733184260305e-06,5.6083128138751886e-05,-0.12241024072398635
left_caudate_Volume,6.481244389890061e-07,3.992624483024737e-06,1.9586563021553992e-05,0.20374105799232772
rh_middletemporal_Volume,6.466311525011175e-07,-7.361829726017716e-06,7.340962164968801e-05,-0.10027060287975482
lh_entorhinal_Volume,6.256254553417411e-07,-2.053059082812679e-05,0.00015589834183906057,-0.13168372253820707
rh_corpuscallosum_Volume,6.188696341522085e-07,1.0619454770192683e-05,5.1236172879192714e-05,0.20722434815233703
rh_insula_Volume,6.087048468828016e-07,-5.117189751260032e-07,4.008038367348457e-06,-0.1273554228064008
lh_corpuscallosum_Volume,5.872159227352467e-07,1.000856931515907e-05,4.916366202739203e-05,0.2035351629818383
left_amygdala_Volume,5.792202396050908e-07,-1.0751968795532125e-05,8.807182255138236e-05,-0.12206796458213595
right_accumbens_area_Volume,5.447532256224402e-07,-4.3158422349708335e-06,3.8936339566765116e-05,-0.1108150928426085
lh_superiorfrontal_Volume,5.375705494371135e-07,1.9757275314939365e-05,9.965790798957746e-05,0.19823106267069876
right_lateral_ventricle_Volume,5.051294441423788e-07,6.419303919768125e-06,3.445423616838145e-05,0.18625986336692388
lh_caudalmiddlefrontal_Volume,4.843625368674142e-07,1.7329582958873526e-05,0.00010251950195850483,0.16902045389713352
right_cerebral_white_matter_Volume,4.6683475972510394e-07,7.455086541141825e-06,4.160363125496901e-05,0.17915010818123753
lh_parsopercularis_Volume,4.5639412853537397e-07,5.054398988367405e-06,2.9327809979312953e-05,0.17228276384404378
right_putamen_Volume,4.0961560023983067e-07,-6.725623262710041e-07,6.785648855936899e-06,-0.09896955250762139
left_ventraldc_Volume,3.568639418349091e-07,-3.2651147227611562e-06,3.808164897636691e-05,-0.08571733727744162
left_accumbens_area_Volume,3.34845103247269e-07,-2.8684450212124554e-06,3.418821619511183e-05,-0.08387703630057933
lh_parahippocampal_Volume,3.1232958337576225e-07,-3.5279824505471808e-06,5.399741094556759e-05,-0.06532404328922424
lh_rostralmiddlefrontal_Volume,3.0045379316220105e-07,3.484644749751714e-06,2.487463915830981e-05,0.14003195817240027
rh_lateralorbitofrontal_Volume,2.954146375711882e-07,-4.441650628493168e-06,5.5414556456881104e-05,-0.08013867701311529
rh_rostralanteriorcingulate_Volume,2.9245395459716416e-07,1.0146621542659719e-06,8.843227419677657e-06,0.11460929513803401
rh_medialorbitofrontal_Volume,2.8163250619463075e-07,-3.912899036505506e-06,5.3076292892014236e-05,-0.07370827427081694
right_pallidum_Volume,2.758971901084082e-07,-3.739572676834691e-07,5.21388589638228e-06,-0.07158603290750423
right_choroid_plexus_Volume,2.7451071733178714e-07,1.74653552973522e-06,1.409202893173732e-05,0.12384994657077712
cc_anterior_Volume,2.407527300182237e-07,1.0807839696434635e-06,9.481110313811716e-06,0.1138732913124693
third_ventricle_Volume,2.404294597121524e-07,-8.211200456814234e-07,1.08190094796338e-05,-0.07582596055767706
rh_precentral_Volume,2.3644863708664041e-07,9.32051212105997e-06,6.351850912225902e-05,0.1467138494171629
cc_mid_anterior_Volume,2.3172727546920272e-07,4.278488844807753e-06,3.920767692322452e-05,0.10909592766505893
wm_hypointensities_Volume,2.2857429922606393e-07,1.9468417565434385e-07,1.5380224065941708e-06,0.12576315098866797
lh_medialorbitofrontal_Volume,2.1586887724114765e-07,-3.2156100957613675e-06,4.751755535072291e-05,-0.06765780549898318
right_thalamus_Volume,1.898501893594486e-07,7.695584165477985e-07,8.357338333194494e-06,0.0919717102265178
rh_frontalpole_Volume,1.8921090559211898e-07,-1.5418349345056296e-06,2.0195487617441127e-05,-0.07630773202299442
left_cerebral_white_matter_Volume,1.83372931454382e-07,2.9000817759661275e-06,2.3976933888316026e-05,0.12090256259799631
rh_lingual_Volume,1.74279607135299e-07,-4.5652358832275026e-07,9.704523843940347e-06,-0.04699392329017929
rh_transversetemporal_Volume,1.5680010662694844e-07,6.926955474183443e-07,8.998581466614852e-06,0.07689285488347124
lh_postcentral_Volume,1.550419795784252e-07,5.664966253145517e-06,5.0831149241321526e-05,0.11142482689083812
cc_mid_posterior_Volume,1.5205512014747736e-07,2.4850090563829535e-06,3.199610355825435e-05,0.0776417239249378
left_lateral_ventricle_Volume,1.4348175619811934e-07,1.6743775907680889e-06,1.60520505426451e-05,0.10424432337095312
rh_inferiorparietal_Thickness,1.2967769478624614e-07,-6.873745137675947e-06,8.56021592667398e-05,-0.08028935605116069
left_vessel_Volume,1.2824624221412307e-07,-1.2141343455958067e-06,1.9912664585591005e-05,-0.06094236744184936
rh_bankssts_Volume,1.27110953163173e-07,2.7601794458698437e-07,5.781788706384554e-06,0.047656770400259445
lh_lateralorbitofrontal_Volume,1.2107152842391746e-07,-1.9256694350700486e-06,2.8233740552338994e-05,-0.06818039669715685
lh_rostralanteriorcingulate_Volume,1.2029445630507278e-07,2.757359238734189e-07,3.9186773305980095e-06,0.07018543409658114
lh_fusiform_Volume,1.1159050465226749e-07,-8.971487020747017e-08,2.0794217236344413e-05,-0.00431234057923317
lh_frontalpole_Volume,1.0931001865197884e-07,-9.07842291816747e-07,1.2312225717199424e-05,-0.07367518763672509
left_choroid_plexus_Volume,1.0794906428588023e-07,5.572616115120517e-07,7.291564187600844e-06,0.07632085361358129
cc_central_Volume,1.0192526969049549e-07,1.1410197598212952e-06,2.7893955500428733e-05,0.0408909683003101
left_putamen_Volume,1.0156418551619946e-07,-1.8854017129255677e-07,2.3800223769915104e-06,-0.07888636236531206
rh_posteriorcingulate_Volume,9.395914575288634e-08,3.0279500599598906e-06,3.6432739385944424e-05,0.08308788282605721
lh_unknown_Volume,9.371146416728312e-08,-1.1844455212064604e-06,2.055147200088758e-05,-0.057605093699290164
lh_inferiortemporal_Volume,8.521625703943085e-08,-1.099753367424036e-06,2.261657530319569e-05,-0.04860449947406363
rh_superiorparietal_Thickness,8.421157466368522e-08,-4.194885583982819e-06,6.527639747253736e-05,-0.06425359257642287
left_hippocampus_Volume,8.164050541488032e-08,-7.22395959562167e-07,1.8155051459879467e-05,-0.03976845103674484
lh_insula_Volume,8.06285784678165e-08,-3.0192063433124594e-08,4.145843353706717e-07,-0.07110969698579728
lh_superiorparietal_Thickness,7.906913353873902e-08,-4.022688348624988e-06,6.209962110127015e-05,-0.06476755577152803
lh_posteriorcingulate_Volume,7.026762890301357e-08,2.2698951508321303e-06,3.002278151876462e-05,0.07558058348388041
lh_lateraloccipital_Thickness,6.847862465839283e-08,-5.17687313367106e-06,8.138122603597764e-05,-0.06360480589618726
optic_chiasm_Thickness,6.580626714874645e-08,8.97004068758974e-09,1.4604815313317093e-07,0.05748251746327775
lh_entorhinal_Thickness,5.849175486299784e-08,3.091251933886164e-07,4.409345162908323e-06,0.06994818960580677
right_accumbens_area_Thickness,5.491499438485573e-08,-5.560429781666728e-07,6.49973034901124e-06,-0.08541720599089483
rh_paracentral_Volume,5.30419894959253e-08,1.0795222281759355e-06,4.527550539443599e-05,0.02383814023434905
lh_parstriangularis_Volume,5.1620470135608386e-08,9.516861316084298e-08,1.9410624373230435e-06,0.04877784090365613
left_inf_lat_vent_Volume,5.105993979286774e-08,-6.190573792545695e-07,1.267868133542715e-05,-0.048788157168558104
left_pallidum_Volume,5.073212093283684e-08,-1.1450213616144572e-07,1.7775525860739878e-06,-0.06405525468368314
csf_Volume,4.8361365627408804e-08,3.5121208730395643e-07,5.86783254485957e-06,0.05975197228289657
lh_cuneus_Thickness,4.766662832667855e-08,-3.5006798668533444e-06,5.918942604299503e-05,-0.05913367917301918
rh_bankssts_Thickness,4.754398293420997e-08,-1.273178761263981e-06,3.7783181193304075e-05,-0.0336880548570903
lh_inferiorparietal_Thickness,4.576568930433972e-08,-2.852996829814868e-06,5.128143345462583e-05,-0.05562326177408801
lh_temporalpole_Thickness,4.462555985531148e-08,-4.785040834988816e-07,6.513896017842646e-06,-0.07334636882473115
lh_pericalcarine_Thickness,4.3161551364678057e-08,-2.9887927339995657e-06,5.544454268577678e-05,-0.0538962651073515
right_vessel_Surface_Area,4.231376530892175e-08,-1.1671156787432008e-06,1.520367495522481e-05,-0.07671490827680527
rh_entorhinal_Thickness,4.0328440107639475e-08,2.1637885645739087e-07,3.1235842745529706e-06,0.06905155167344557
right_vessel_Thickness,3.952364066324063e-08,8.803826537164769e-08,1.3636053419998804e-06,0.06409283851755387
lh_unknown_Thickness,3.8996198031015684e-08,1.6082785711663514e-07,3.3473443149136272e-06,0.04790329559057236
lh_superiorparietal_Volume,3.881836924976889e-08,2.009816293043633e-07,3.030756290784527e-05,0.006629214555117004
right_inf_lat_vent_Surface_Area,3.8020618128510334e-08,-1.1920489657214953e-06,1.583580224244008e-05,-0.07522806024480162
rh_temporalpole_Thickness,3.476075559096609e-08,-4.028136029429991e-07,5.8059819741444505e-06,-0.06925977500166759
rh_pericalcarine_Thickness,3.4565109399749904e-08,-2.2898001790030125e-06,5.153912871522013e-05,-0.04441976491305735
right_pallidum_Thickness,3.373160954817329e-08,1.585257144922869e-07,2.262620801363952e-06,0.06975458219741058
lh_precentral_Volume,3.322843692683492e-08,1.129383954219193e-06,2.2680545813646914e-05,0.049773326895465896
rh_lateraloccipital_Thickness,3.27678723386199e-08,-2.307257471309211e-06,5.481783714835363e-05,-0.042081861902854456
lh_inferiorparietal_Volume,3.201933704777365e-08,5.724853548606452e-07,1.7444805768647512e-05,0.032798150976217036
rh_lateraloccipital_Volume,3.1804100586576963e-08,5.9039376573606066e-09,7.888442336463732e-07,0.007390599329248111
rh_paracentral_Thickness,3.1594938041615006e-08,-6.401397070575161e-07,1.6413053322015728e-05,-0.03897811780221065
left_accumbens_area_Thickness,3.1125456881882234e-08,-3.3225936180458394e-07,5.01784391470421e-06,-0.06608386565718019
rh_cuneus_Thickness,2.879877663017328e-08,-2.030833603429245e-06,4.528518922127133e-05,-0.044835525324961746
left_pallidum_Thickness,2.709118612206231e-08,8.471398421002713e-08,2.322356402981803e-06,0.036321200354167346
lh_paracentral_Volume,2.68877916885154e-08,4.2832556529275156e-07,3.022174361132948e-05,0.014168073492533677
rh_superiorparietal_Volume,2.4587006104988932e-08,1.2408204128497458e-07,2.2959328011804806e-05,0.005402075377268508
lh_supramarginal_Thickness,2.391963740419601e-08,-8.056214919088915e-07,2.0841139244275818e-05,-0.03863680935947208
lh_precuneus_Volume,2.323623739561953e-08,5.719651580398618e-07,1.780322619643257e-05,0.03210901561191697
left_thalamus_Volume,2.3016912705707646e-08,1.7796833109495675e-08,1.9695084575661518e-06,0.008990531483445776
lh_parsorbitalis_Volume,2.2812387354246285e-08,-2.1708150928403374e-07,5.469394562804667e-06,-0.03961779112561645
lh_supramarginal_Volume,2.2509941413794337e-08,5.984710006156732e-07,1.3500659349974943e-05,0.0442962097639434
third_ventricle_Thickness,2.2141450118888553e-08,1.8573086601143532e-07,4.342211795143992e-06,0.04267505230757973
left_vessel_Thickness,2.173260772208059e-08,3.161260831867513e-08,1.313109089287618e-06,0.023892669602697567
rh_caudalmiddlefrontal_Surface_Area,2.1219278781178245e-08,2.2616364579638077e-07,2.063428243457884e-05,0.01095526795436398
lh_isthmuscingulate_Thickness,2.0103169830765543e-08,-8.655425343921492e-07,2.2561242194122115e-05,-0.038347137784802525
right_caudate_Thickness,1.987649723479976e-08,-1.7198511820053465e-07,3.48849813955345e-06,-0.04915969977405417
lh_lingual_Volume,1.9253322918987404e-08,6.379750990863307e-08,1.7183638896587406e-06,0.03691208216646418
left_amygdala_Thickness,1.8541383080569023e-08,1.1599359586125843e-07,2.773970581704697e-06,0.04166480659800383
rh_supramarginal_Volume,1.851476184917411e-08,3.8946820005252593e-07,1.2120848417162457e-05,0.032105602729444294
right_amygdala_Thickness,1.8457350677394135e-08,1.0912541083530499e-07,2.111766578196634e-06,0.051431393046097756
lh_lateraloccipital_Volume,1.8400323414249377e-08,2.0367394184522845e-08,8.008976679297168e-07,0.025117095522696895
rh_lateralorbitofrontal_Thickness,1.82805494154571e-08,-5.603625685808708e-07,1.0596249544287237e-05,-0.05283324385693853
rh_lingual_Thickness,1.8221937516934784e-08,-1.0118168956501592e-06,2.973500755443853e-05,-0.03401636035218208
right_cerebellum_cortex_Thickness,1.8044912383473016e-08,-7.582332598465566e-07,2.6828523717389685e-05,-0.028251675383891138
right_putamen_Thickness,1.764983940273432e-08,-9.578244380242316e-09,1.8511657003292346e-07,-0.04908985627733261
cc_posterior_Thickness,1.7430171007067775e-08,-5.48506371122859e-07,1.6661537271418648e-05,-0.03290076746930875
cc_posterior_Volume,1.734762567137411e-08,9.649087424099634e-08,7.709361541198147e-06,0.012499851668564248
rh_postcentral_Volume,1.5912177608338306e-08,2.244555317167383e-07,1.4664848842604964e-05,0.015295253404252081
rh_insula_Thickness,1.5725013950815468e-08,-3.700632407086072e-09,8.318233422780111e-08,-0.039713883943271966
rh_precentral_Surface_Area,1.5042716826980488e-08,-2.8368756536931523e-07,1.2077248274741211e-05,-0.023469987454641655
rh_unknown_Thickness,1.4754124811942813e-08,8.802967369113875e-08,1.7871447285368851e-06,0.04898307425846922
right_pallidum_Surface_Area,1.2619396945805836e-08,-2.3650377613435848e-07,5.693674030976228e-06,-0.04146516348057833
rh_postcentral_Surface_Area,1.2128906660713977e-08,-3.0331441879486977e-07,1.0800868637991746e-05,-0.02805643366426236
cc_mid_anterior_Thickness,1.1936749244975207e-08,2.8279488133159745e-08,3.6664447741965503e-06,0.007692074781495919
rh_supramarginal_Thickness,1.1895434607205208e-08,-2.619697129426804e-07,1.3282852813440991e-05,-0.01970756139553364
lh_bankssts_Thickness,1.1789105958448094e-08,-4.676035674042958e-07,1.6189046818523163e-05,-0.02886611617602117
rh_inferiorparietal_Volume,1.1705965273100541e-08,1.3854605691612756e-07,8.268659416480536e-06,0.016735325122847842
lh_isthmuscingulate_Volume,1.1128816152761552e-08,1.1040917125046349e-07,5.7318255481890135e-06,0.01922893169146994
right_putamen_Surface_Area,1.0900226209116895e-08,-2.6653299948166467e-07,5.992720548218984e-06,-0.04440203360137186
cc_mid_posterior_Thickness,1.0414178833319769e-08,-1.1102313782658653e-07,5.839280194391228e-06,-0.018980649607629446
left_putamen_Thickness,1.0231596648908762e-08,1.1817042665245353e-09,4.8821657880350735e-08,0.020089611702686833
rh_parsorbitalis_Surface_Area,9.806906581026905e-09,-1.0326252845430979e-07,9.70308628654432e-06,-0.010631278813754684
left_ventraldc_Thickness,9.710446673632806e-09,1.1151990528039246e-07,4.24296357386149e-06,0.02622169302502106
right_cerebellum_white_matter_Thickness,9.589246855078643e-09,-2.2892243217025912e-07,1.6656070394752054e-05,-0.0137358373478576
csf_Thickness,9.417323112420626e-09,-1.3607800040207781e-07,7.398361094952421e-06,-0.018368165193080637
rh_parsorbitalis_Thickness,9.286739219824289e-09,-3.8019080209587864e-07,9.949274050086261e-06,-0.038174549689451075
right_hippocampus_Surface_Area,9.15232817107458e-09,-2.0100941862543645e-07,5.956714408953452e-06,-0.03368845982033403
lh_insula_Thickness,8.732705938815371e-09,2.708440849707589e-09,2.2846630113752838e-07,0.011357750914019402
rh_precuneus_Volume,8.662031095060256e-09,-2.396022149226288e-08,6.609366068976871e-06,-0.003619715429330579
right_ventraldc_Thickness,8.177240709280821e-09,1.1424090581123537e-07,3.512325418453664e-06,0.03243337631802012
lh_middletemporal_Volume,8.153388955250786e-09,2.750881800436426e-08,3.1871662493769636e-06,0.008604124984030763
lh_inferiortemporal_Surface_Area,8.007829943382488e-09,3.978059968186459e-07,3.5758301578048537e-05,0.011121746889508012
rh_parstriangularis_Surface_Area,7.998461019601717e-09,-1.3880836319303479e-07,8.558478154692446e-06,-0.016199885287332814
lh_paracentral_Thickness,7.683837747181349e-09,-1.8801964723890077e-07,8.55983882978139e-06,-0.021939694663277234
lh_postcentral_Thickness,7.518802359744553e-09,-1.687218952376109e-07,6.9167627592263125e-06,-0.02435797227397122
rh_insula_Surface_Area,7.356793320185842e-09,-2.698668400244537e-07,6.649235652039212e-06,-0.040525197503982945
rh_superiortemporal_Thickness,7.1698974920338365e-09,3.1314037473390945e-08,2.297638144507453e-06,0.013569734729824671
rh_caudalanteriorcingulate_Thickness,7.115047935925834e-09,-1.4440430696298932e-07,4.244005703404919e-06,-0.033945489740977
right_cerebral_white_matter_Surface_Area,7.038602580345373e-09,-1.681064472410916e-07,5.037224267478516e-06,-0.033306712428903804
lh_precuneus_Thickness,6.563767882941174e-09,-3.493131039028007e-07,1.6295368504136476e-05,-0.021423195913308195
rh_isthmuscingulate_Volume,6.447353056099066e-09,5.1201415826585704e-08,3.911504424745002e-06,0.013056574793974665
lh_caudalanteriorcingulate_Thickness,6.40276252358425e-09,-1.3308788916032433e-07,4.162902107274338e-06,-0.0318933647948082
right_thalamus_Thickness,6.357607814814823e-09,5.421696251834009e-08,4.790959967334919e-06,0.011292942013102578
rh_temporalpole_Surface_Area,6.28534347365377e-09,-1.906598751024541e-07,6.314222602183818e-06,-0.0301475591698207
rh_medialorbitofrontal_Thickness,6.1977744677578435e-09,-1.618172373877287e-07,8.025786522787504e-06,-0.020137075185964068
right_amygdala_Surface_Area,6.185853444787583e-09,-9.541644250473952e-08,4.667626594585661e-06,-0.020398473579567845
cc_central_Thickness,6.174589721749658e-09,-4.0331459360735035e-09,5.898137649035412e-07,-0.00672399696716212
rh_middletemporal_Surface_Area,6.1015603229916384e-09,-2.470565864433489e-07,8.951746671053355e-06,-0.02756790562283436
rh_superiorparietal_Surface_Area,5.908485572630123e-09,-4.9865231515158643e-08,3.5395228208223046e-06,-0.014048432432280166
rh_parsopercularis_Surface_Area,5.710371120944848e-09,-4.6480013889174257e-08,6.992433056315048e-06,-0.006637694857683344
rh_superiortemporal_Surface_Area,5.6604726425868735e-09,-2.1269816312092412e-07,8.29338814714926e-06,-0.025615828063384968
rh_supramarginal_Surface_Area,5.323193558025479e-09,-1.737121370813307e-07,9.022272527762751e-06,-0.01923238438027493
rh_paracentral_Surface_Area,5.3165754219405456e-09,-7.538887092955297e-09,1.3064023113254238e-06,-0.005726886855253806
rh_inferiorparietal_Surface_Area,5.240615398983114e-09,-1.2741837374105604e-07,6.980831017257474e-06,-0.01822649888496986
rh_inferiortemporal_Surface_Area,5.192247903373124e-09,-1.5647798538291287e-07,7.287769296776652e-06,-0.021441892586550736
rh_lateralorbitofrontal_Surface_Area,5.058462201422311e-09,-5.1234468465031316e-08,3.159077025071554e-06,-0.016167000063330585
left_thalamus_Thickness,5.001854560334173e-09,2.8411299803685346e-08,4.122274257597479e-06,0.0068754632516099725
rh_superiorfrontal_Surface_Area,4.94572909301428e-09,-2.5917597157060523e-08,1.909294713708849e-06,-0.0135037089259613
rh_transversetemporal_Surface_Area,4.667070731543407e-09,-1.4391036822505502e-07,6.139903740996049e-06,-0.02340042613443362
left_cerebellum_cortex_Thickness,4.588210866588154e-09,-2.9532613471121623e-07,1.4652827391061814e-05,-0.020141145144437936
right_lateral_ventricle_Surface_Area,4.48364403382584e-09,-6.80687938593825e-08,2.2331002548094036e-06,-0.030345854454537663
rh_unknown_Surface_Area,4.419948076952352e-09,-5.536187643216106e-08,2.6590373269408698e-06,-0.020742263839230134
lh_paracentral_Surface_Area,3.998695206330561e-09,-6.644718526549423e-09,9.383440441371557e-07,-0.0070066539328509985
lh_entorhinal_Surface_Area,3.982686474911416e-09,1.5452006027431225e-08,3.272929595890241e-06,0.004706773500953213
lh_bankssts_Volume,3.901950763827713e-09,-3.838855540233409e-09,6.417133696996325e-07,-0.005890404767977516
lh_posteriorcingulate_Surface_Area,3.757027501423307e-09,9.210604288921885e-09,7.463943447476655e-07,0.01217698724597757
rh_transversetemporal_Thickness,3.711104986028277e-09,-7.672365938376745e-08,4.0256281372302675e-06,-0.019011578067850532
rh_caudalmiddlefrontal_Thickness,3.564050092755382e-09,-6.495971210961045e-09,1.6928238417149023e-06,-0.0038148227971831765
left_cerebellum_white_matter_Surface_Area,3.5324013536951956e-09,-3.582102722708094e-08,2.5196162975110414e-06,-0.014160656405608325
lh_transversetemporal_Volume,3.5242166704685675e-09,1.4495509812531487e-08,8.691536358145819e-07,0.016488028055643127
right_choroid_plexus_Surface_Area,3.5071849105294316e-09,-4.2116267677522544e-08,1.6030540258366171e-06,-0.026109644812224296
rh_postcentral_Thickness,3.382984472663362e-09,-2.870592405510633e-08,4.264145714383342e-06,-0.006716178149590278
rh_posteriorcingulate_Thickness,3.069781136072335e-09,-5.441253368475924e-08,3.228848878654106e-06,-0.01679996064137769
right_choroid_plexus_Thickness,2.9649197979826964e-09,2.8395705801690536e-08,1.2598883169242948e-06,0.022360789861005835
fourth_ventricle_Surface_Area,2.941021776177366e-09,1.3625733470362729e-09,6.565430908900607e-08,0.018010518679553698
lh_lingual_Thickness,2.9309522732263883e-09,-1.1164964044166638e-07,1.230287414892487e-05,-0.009067715554569797
left_cerebellum_white_matter_Thickness,2.88689461050647e-09,-9.378330374493226e-08,9.171928654281587e-06,-0.010213900290022462
left_amygdala_Surface_Area,2.7246160703378314e-09,-1.6913874331410026e-08,3.11951128080104e-06,-0.005404637597944908
cc_central_Surface_Area,2.7088703528322905e-09,-1.5839576661527531e-09,6.16121052921225e-08,-0.022118574222771692
lh_pericalcarine_Volume,2.70760879085797e-09,-9.252898656014938e-09,7.362292268973008e-07,-0.012399539340595086
rh_posteriorcingulate_Surface_Area,2.702075537767962e-09,-7.782658540593964e-09,5.226406502746399e-07,-0.014611461848773792
right_inf_lat_vent_Thickness,2.6523200980495977e-09,1.7854620395230448e-08,1.8042843559203982e-06,0.009841136719812967
lh_cuneus_Volume,2.637622944692591e-09,-2.3139721017375796e-09,2.7899614185842566e-06,-0.0008264299952060027
right_caudate_Surface_Area,2.628854618469359e-09,-3.685968899657389e-08,1.7788321029491947e-06,-0.02060544918430545
lh_parsorbitalis_Thickness,2.6153397283883945e-09,-1.0581765929280609e-07,5.125541086892873e-06,-0.02060496790939479
rh_cuneus_Volume,2.5778757106493003e-09,3.625101060415784e-08,2.6872053162552446e-06,0.013440211757586236
lh_inferiorparietal_Surface_Area,2.558442760685156e-09,6.157462205132862e-08,3.7596102792915476e-06,0.016334479558693486
lh_fusiform_Surface_Area,2.5580443990252257e-09,8.913120564443063e-08,3.2701335230165946e-06,0.027173041895703253
rh_bankssts_Surface_Area,2.5479452555312114e-09,-6.59736113529914e-08,6.07525198377015e-06,-0.010841557839995493
right_hippocampus_Thickness,2.5187831020235526e-09,-3.6401156427522714e-08,2.324094773349744e-06,-0.015595406340455531
rh_precentral_Thickness,2.4158973761171247e-09,1.0548517970886684e-08,1.141582140537116e-06,0.009160022198648105
lh_medialorbitofrontal_Thickness,2.3679612784124655e-09,-5.089908956867479e-08,5.045220601191714e-06,-0.010068618876231806
lh_posteriorcingulate_Thickness,2.330051699815083e-09,-2.6255520594773694e-08,2.6874591129583572e-06,-0.009733426715772807
rh_corpuscallosum_Thickness,2.1608862122046504e-09,-1.3063596287118732e-09,9.723958303940569e-08,-0.01218169254007492
third_ventricle_Surface_Area,2.07523825839018e-09,3.276174491079967e-10,5.986896357542528e-08,0.004689026891809059
fourth_ventricle_Thickness,2.0637684486855882e-09,5.798785886657511e-08,5.089575599767292e-06,0.011371114660839867
left_lateral_ventricle_Thickness,1.971789346198795e-09,-7.764870116510254e-09,1.1842239813885716e-06,-0.006502021595213431
rh_middletemporal_Thickness,1.952739376108017e-09,-1.0129598920459838e-08,2.149197657085118e-06,-0.004691371763590478
right_thalamus_Surface_Area,1.935876270273296e-09,-2.4185943259632612e-08,1.1048716813333696e-06,-0.021693925556263653
rh_precuneus_Thickness,1.9330127032119206e-09,-3.972673163915398e-08,6.766940095841624e-06,-0.005862045565893459
lh_superiortemporal_Thickness,1.881903401485619e-09,-2.3339946957240545e-08,1.3946898675392014e-06,-0.01661572956180606
rh_rostralmiddlefrontal_Surface_Area,1.8706514596188218e-09,-5.3694144939181434e-08,2.758203491569441e-06,-0.01939674778342953
left_inf_lat_vent_Thickness,1.8579041952012658e-09,-1.2373597071635142e-09,3.0268716730562627e-06,-0.0004074455032596928
lh_corpuscallosum_Thickness,1.8521289943261051e-09,9.893230870399887e-11,8.632292560087317e-08,0.00102708994859581
lh_superiorparietal_Surface_Area,1.8313453931023786e-09,-3.0880967349642217e-09,1.6836997437757455e-06,-0.001823284644349041
lh_superiortemporal_Volume,1.751964998377193e-09,3.6426819506675102e-09,4.390008477254787e-07,0.008112862078368867
lh_temporalpole_Surface_Area,1.7512381051748842e-09,-8.471186937936948e-09,2.4266719425940734e-06,-0.003476539779465983
cc_mid_posterior_Surface_Area,1.7033591808789705e-09,-1.5723934447454026e-10,5.18997275457006e-08,-0.002540226762039467
rh_lateraloccipital_Surface_Area,1.6935661881617623e-09,2.5904848051086516e-09,2.2465115334863873e-06,0.0011480042386959415
left_cerebellum_cortex_Surface_Area,1.6507386957977707e-09,-2.304284109672739e-08,1.6830896180564734e-06,-0.013609935853944141
rh_inferiortemporal_Thickness,1.6350126233352084e-09,-1.874979293989349e-08,2.370810316480413e-06,-0.007875382935844963
rh_caudalanteriorcingulate_Surface_Area,1.6101957287284765e-09,-9.219033561183348e-09,4.2677943954275557e-07,-0.02110683957750926
right_lateral_ventricle_Thickness,1.5597212264145449e-09,-3.9104193075466726e-10,1.0728816285092347e-06,-0.00036111235102677017
rh_pericalcarine_Surface_Area,1.508238227110991e-09,5.231486420427913e-09,7.255456747627298e-07,0.007112388258030978
csf_Surface_Area,1.4769326722085502e-09,-8.901157157997795e-10,4.356296863974218e-08,-0.016618117673547678
lh_caudalmiddlefrontal_Surface_Area,1.4716082641280762e-09,5.284559149194809e-08,2.8303657351691008e-06,0.01860520665969868
left_caudate_Thickness,1.4541032374863755e-09,-2.0413927926343155e-10,8.591986850648189e-07,-0.00023485916715141857
rh_pericalcarine_Volume,1.4449337340443577e-09,6.366798607926826e-09,5.784659048006935e-07,0.010819316048706654
lh_postcentral_Surface_Area,1.3654873493258439e-09,6.04279575305241e-08,4.1045376023756075e-06,0.014686451642982884
lh_lateralorbitofrontal_Surface_Area,1.3347630130588374e-09,-3.1707829263079596e-08,1.8061324050794499e-06,-0.017458985465155268
rh_entorhinal_Surface_Area,1.325170824508931e-09,-3.274819991180293e-08,1.766866586771745e-06,-0.01843030881192981
rh_corpuscallosum_Surface_Area,1.3027696847226858e-09,-2.0742599554750144e-09,1.5748877478465796e-07,-0.012384471485578133
lh_parahippocampal_Surface_Area,1.2295496130190691e-09,2.99877361674058e-08,1.4899994101756324e-06,0.019991831972716968
lh_parahippocampal_Thickness,1.2178153643235896e-09,2.0746835347490423e-08,2.236324886816235e-06,0.009235901480348804
lh_corpuscallosum_Surface_Area,1.2167467080490064e-09,-7.688939316286087e-10,1.2590033026100398e-07,-0.00565777824198003
lh_parstriangularis_Thickness,1.198253478795597e-09,-3.7084778631062415e-08,2.939791274703099e-06,-0.012572000923962004
lh_transversetemporal_Thickness,1.1825120245464702e-09,2.7270530307341073e-08,1.994512840196764e-06,0.013604567534056894
rh_cuneus_Surface_Area,1.1761456255030697e-09,5.6596794214177255e-09,4.262023585472083e-07,0.012974894130026128
rh_rostralmiddlefrontal_Thickness,1.1590325842651387e-09,-5.375539344623824e-08,4.075221059579708e-06,-0.013158502970159625
rh_fusiform_Thickness,1.1139450603717678e-09,-4.74042551789179e-08,1.5359395426564305e-06,-0.030663718645466475
optic_chiasm_Surface_Area,1.076020839803853e-09,-5.59434810918915e-10,8.336814569009178e-08,-0.005991709557730696
lh_caudalmiddlefrontal_Thickness,1.0478526796981393e-09,1.2197953206639604e-08,1.1643734516002954e-06,0.010386775339665331
cc_anterior_Thickness,9.855012506429037e-10,-2.42559893395968e-08,1.7724497098485008e-06,-0.013608232089565341
left_thalamus_Surface_Area,9.777875401568996e-10,1.1491444948500403e-08,7.006238489230379e-07,0.016170924977983607
rh_lingual_Surface_Area,9.707950065968134e-10,1.302412933722742e-09,7.319684291744872e-07,0.001755348182633329
right_ventraldc_Surface_Area,9.606343412789589e-10,-5.693359338699784e-10,7.593747242843157e-07,-0.0007399982296007755
rh_frontalpole_Thickness,9.326984035710274e-10,4.077505576794911e-09,4.0607433274036824e-06,0.0010016611829455585
right_cerebellum_white_matter_Surface_Area,9.280167998188377e-10,1.769810810895316e-08,1.0732453484571112e-06,0.016338042101137054
lh_caudalanteriorcingulate_Surface_Area,9.215615164032485e-10,4.793540280983105e-09,2.7429658845520855e-07,0.016861054531220082
wm_hypointensities_Thickness,8.961689597649485e-10,-6.57064523938664e-09,7.898893123597506e-07,-0.008214443095886108
right_cerebellum_cortex_Surface_Area,8.733409674179153e-10,9.970829929164105e-09,1.2489728061792212e-06,0.007919813581537127
lh_precuneus_Surface_Area,8.558410263461323e-10,3.33988557426398e-09,4.178206743882609e-07,0.00780674187623043
lh_fusiform_Thickness,8.47366462972984e-10,3.7520761777775896e-08,2.7610208047002053e-06,0.013540411430377276
right_cerebral_white_matter_Thickness,8.408898047287295e-10,-3.5233613553156985e-09,1.1415084684810086e-06,-0.0030597789349855816
rh_rostralanteriorcingulate_Thickness,8.116157846501331e-10,-2.989704064041209e-08,3.089537671571993e-06,-0.009645645192384193
lh_insula_Surface_Area,8.007644398586147e-10,2.8946288261381205e-08,2.9912876365039017e-06,0.009644623164176212
rh_superiorfrontal_Thickness,7.729201116006302e-10,-3.114720957557765e-09,1.5151727451859217e-06,-0.0020422086398993932
rh_parstriangularis_Thickness,7.154276931175721e-10,-2.142832875434895e-08,2.214387360998614e-06,-0.00963336203489708
lh_superiorfrontal_Thickness,6.984764001473546e-10,2.0004614519537646e-08,1.7874450163450684e-06,0.011129472299639578
rh_precuneus_Surface_Area,6.950526513056989e-10,-7.0896210550170995e-09,4.0855346491523716e-07,-0.016938388161361524
left_choroid_plexus_Thickness,6.899458369585187e-10,-4.321981158978672e-09,3.451047272677645e-07,-0.01217100429000966
left_hippocampus_Thickness,6.86836560493425e-10,-1.677915806862899e-08,1.7339455624988538e-06,-0.009621377197454819
left_lateral_ventricle_Surface_Area,6.53168693164578e-10,9.441986351495447e-09,8.048861689178079e-07,0.011586877666649656
rh_parsopercularis_Thickness,6.456095243929974e-10,-4.7595956053651086e-09,6.542935046901698e-07,-0.007164898605451532
lh_precentral_Surface_Area,6.438553354224694e-10,2.5603011625902623e-08,1.8798848543420318e-06,0.013547392354131743
lh_frontalpole_Surface_Area,6.346290950099406e-10,2.4040348145806435e-09,4.196759973555812e-07,0.00559499443621741
cc_mid_anterior_Surface_Area,6.173627042791053e-10,-4.3270021573273503e-10,3.167117180182315e-08,-0.010383682460155922
brain_stem_Surface_Area,6.143438290751867e-10,5.082888270912288e-10,5.2526184722604346e-08,0.008129215453433435
rh_parahippocampal_Surface_Area,6.076509742322313e-10,7.464605550240718e-09,9.372628851783305e-07,0.007880183703001772
lh_inferiortemporal_Thickness,6.041809922109937e-10,1.919482913555417e-08,1.983579191899071e-06,0.009628325382584525
rh_parahippocampal_Thickness,5.831144911912934e-10,-5.076665896486338e-09,9.543478684543522e-07,-0.005264351239375031
lh_medialorbitofrontal_Surface_Area,4.973538138966681e-10,3.018401381023375e-09,3.11919326289149e-07,0.009376266457243505
rh_isthmuscingulate_Surface_Area,4.641258071169704e-10,-3.654306919486955e-09,2.7623668088687395e-07,-0.01276673174159396
rh_rostralanteriorcingulate_Surface_Area,4.618648707766168e-10,-2.944225105082037e-09,3.042540057775292e-07,-0.00936893420911984
lh_rostralmiddlefrontal_Thickness,4.524899645985805e-10,-8.697286639528259e-09,1.6449556499080944e-06,-0.005255298919950665
left_ventraldc_Surface_Area,4.4212347075130796e-10,5.0652458620301715e-09,3.753651295241736e-07,0.013144017125484192
cc_posterior_Surface_Area,4.187516071724122e-10,-2.2627393358926155e-10,1.9452584479185612e-08,-0.0076826512032983464
lh_superiorfrontal_Surface_Area,3.9861381478164667e-10,9.653821292927153e-10,2.882690634481466e-07,0.0032366150150886994
lh_supramarginal_Surface_Area,3.8930093605711265e-10,2.0498876945614424e-08,1.6141264678437004e-06,0.012621478284773053
rh_fusiform_Surface_Area,3.3004062870089097e-10,1.1519488894026587e-08,9.091990124255934e-07,0.012532094506530008
left_inf_lat_vent_Surface_Area,3.0160566645092115e-10,1.1554951352797177e-09,5.332778759385039e-07,0.002126895252790514
right_accumbens_area_Surface_Area,2.8357488076409786e-10,2.8320027411793713e-09,2.1451662396750538e-07,0.012613777506244933
lh_bankssts_Surface_Area,2.660009501054896e-10,1.4605221836932339e-08,1.5092926289792944e-06,0.00961317231344995
left_hippocampus_Surface_Area,2.3322688166921893e-10,6.084534713105919e-09,4.6589532922919325e-07,0.012785447428032186
lh_cuneus_Surface_Area,2.1756898405236714e-10,1.5366753076831243e-09,1.2208545486150528e-07,0.011633947956604038
left_accumbens_area_Surface_Area,2.029342413629224e-10,1.9542201950710987e-09,2.0194764370951826e-07,0.009220296866095037
lh_parsorbitalis_Surface_Area,1.9005692899626093e-10,-7.873417287262694e-09,8.136330149052831e-07,-0.009559375528636534
rh_frontalpole_Surface_Area,1.743065543754104e-10,1.6931705196450852e-09,1.7497096678417314e-07,0.009153709628499165
lh_middletemporal_Surface_Area,1.698717085431856e-10,9.801947663355904e-09,7.305104456278823e-07,0.013236744628287838
lh_parsopercularis_Thickness,1.5421371512281886e-10,-2.3136850318274972e-09,2.390944693141632e-07,-0.009288383793497352
lh_lateraloccipital_Surface_Area,1.3637810248558601e-10,4.045403820169524e-09,4.180489851641291e-07,0.0094507964284003
lh_isthmuscingulate_Surface_Area,1.348767895539349e-10,1.2131424520791715e-10,6.604565590580254e-08,0.001595281725996139
left_choroid_plexus_Surface_Area,1.2265711775432878e-10,1.53353422977349e-09,1.1663459297305159e-07,0.012109915574963256
rh_isthmuscingulate_Thickness,8.627389140170901e-11,-4.008568262843562e-09,4.1424242640198595e-07,-0.009448768000033287
rh_medialorbitofrontal_Surface_Area,7.446302118395228e-11,5.080695860697199e-10,5.250352852049884e-08,0.008128654463133099
lh_middletemporal_Thickness,7.134488289372715e-11,-1.9299790955563722e-09,1.9944258673575754e-07,-0.009214836035191463
left_pallidum_Surface_Area,6.265328996353976e-11,1.3105009645088454e-09,1.354261830519993e-07,0.009011451287559792
